<?xml version="1.0"?>
<ProjectList_v2 version="5">
   <Project name="View Project" platform="QPPlus" reboot="no">
      <Prompt text="Proceed with upgrade of the QuickPanel+ View project?"/>
      <Delete name="\Windows\Startup\fxControl.lnk"/>
      <Delete name="\Windows\Desktop\fxControl.lnk"/>
      <Delete name="\Windows\Programs\fxControl.lnk"/>
      <Delete name="\Flash Storage\Windows\Startup\fxControl.lnk"/>
      <Delete name="\Flash Storage\Windows\Desktop\fxControl.lnk"/>
      <Delete name="\Flash Storage\Windows\Programs\fxControl.lnk"/>
      <Delete name="\Windows\Startup\View Runtime.lnk"/>
      <Delete name="\Windows\Desktop\View Runtime.lnk"/>
      <Delete name="\Windows\Programs\View Runtime.lnk"/>
      <Delete name="\Flash Storage\Windows\Startup\View Runtime.lnk"/>
      <Delete name="\Flash Storage\Windows\Desktop\View Runtime.lnk"/>
      <Delete name="\Flash Storage\Windows\Programs\View Runtime.lnk"/>
      <Delete name="\Windows\Startup\View Network.lnk"/>
      <Delete name="\Windows\Desktop\View Network.lnk"/>
      <Delete name="\Windows\Programs\View Network.lnk"/>
      <Delete name="\Flash Storage\Windows\Startup\View Network.lnk"/>
      <Delete name="\Flash Storage\Windows\Desktop\View Network.lnk"/>
      <Delete name="\Flash Storage\Windows\Programs\View Network.lnk"/>
      <CopyDirectory source="\PCFlash Storage\fxControl" destination="\Flash Storage\fxControl" clean="yes"/>
      <CopyDirectory source="\PCFlash Storage\fxViewRuntime_bk" destination="\Flash Storage\fxViewRuntime" clean="yes"/>
      <CopyDirectory source="\PCFlash Storage\Windows" destination="\Windows" clean="no"/>
      <CopyDirectory source="\PCFlash Storage\Windows" destination="\Flash Storage\Windows" clean="no"/>
      <CopyDirectory source="\PCFlash Storage\fxBackup" destination="\Flash Storage\fxBackup" clean="yes"/>
      <CopyDirectory source="\PCFlash Storage\splash.bmp" destination="\Flash Storage\splash.bmp" clean="no"/>
      <CopyDirectory source="\PCFlash Storage\init.ctl" destination="\Flash Storage\init.ctl" clean="no"/>
      <RegisterCOM source="\Flash Storage\fxViewRuntime\Software\Drivers\"/>
      <RegisterCOM source="\Flash Storage\fxViewRuntime\Software\ProficyDrivers\"/>
      <RegisterCOM source="\Windows\opccomn_ps.dll"/>
      <RegisterCOM source="\Windows\opcproxy.dll"/>
      <RegisterCOM source="\Windows\cmescripthost.dll"/>
      <RegisterCOM source="\Windows\scriptfunctionmgr.dll"/>
      <RegisterCOM source="\Windows\scriptvariable.dll"/>
   </Project>
</ProjectList_v2>
